gyro_alpha_avg,gyro_beta_avg,gyro_gamma_avg,accel_x_avg,accel_y_avg,accel_z_avg,gyro_alpha_min,gyro_beta_min,gyro_gamma_min,accel_x_min,accel_y_min,accel_z_min,gyro_alpha_max,gyro_beta_max,gyro_gamma_max,accel_x_max,accel_y_max,accel_z_max,gyro_alpha_std,gyro_beta_std,gyro_gamma_std,accel_x_std,accel_y_std,accel_z_std,xy_cor,xz_cor,yz_cor,x_fft,y_fft,z_fft,accel_x_med,accel_y_med,accel_z_med,gyro_alpha_med,gyro_beta_med,gyro_gamma_med
0.10125549212098121,0.10935572660528123,0.01524766702204943,-0.5525817200541496,5.830838680267334,7.779180002212525,-0.885775625705719,-0.3794699013233185,-0.45940133929252625,-1.8501192331314087,5.2684407234191895,6.29016637802124,0.698164165019989,1.3281153440475464,0.7951728105545044,1.437119483947754,6.507440090179443,9.361927032470703,0.48282158717238244,0.4974980593969778,0.4599444008095376,1.0749473911944014,0.4911279843226647,0.9188716925748269,-0.24437286292103258,0.44143061554265856,-0.4905135329000609,14.2162456978319,447.35225609228684,795.6447330187665,0.06927822530269623,-0.008533732267096639,-0.16307881474494934,-0.5261258035898209,5.753565788269043,7.553705930709839
0.285551041085273,-0.08858345539774745,-0.11479316297918561,-1.1478400945663452,6.4320825099945065,7.0952164173126215,-0.15882617235183716,-0.3794699013233185,-0.45940133929252625,-2.0039467811584473,5.2684407234191895,5.799953460693359,0.84952312707901,0.10232073813676834,0.19293458759784698,0.4321534037590027,7.414243698120117,9.145251274108887,0.36742001039829236,0.17753017077713873,0.24161219792821834,0.7518358545915488,0.8447618227838709,1.068196382545796,-0.010766497905094253,0.39740288107071203,-0.8039471482730611,22.072556984145656,546.4223357737693,668.8996416279705,0.23182925581932068,-0.008000778267160058,-0.11617884039878845,-1.3548188209533691,6.561608791351318,6.9886744022369385
0.027068254817277218,0.018007390410639344,0.038058100640773765,-1.1408969283103942,7.0819884777069095,6.369833278656006,-0.30272382497787476,-0.25156083703041077,-0.13536518812179565,-2.0039467811584473,6.615777492523193,5.799953460693359,0.84952312707901,0.1566820740699768,0.19293458759784698,-0.19273322820663452,7.414243698120117,7.5854291915893555,0.3350632307076216,0.12297219260056881,0.11391214703280486,0.4659901461304128,0.29903874951087367,0.5180302107806293,0.5439091899028483,0.19757186226676413,0.7219430028012529,19.342062356853923,656.3508427828231,532.1054695865175,-0.0362467048689723,0.046360552310943604,0.029317650943994522,-1.148618221282959,7.077559232711792,6.283282995223999
-0.09327279515564439,0.05232963878661393,-0.0022332369117066264,-1.204223561286926,6.909845399856566,6.810545921325683,-0.3123169541358948,-0.1119268462061882,-0.14495837688446045,-1.4311339855194092,6.643311023712158,5.985504150390625,0.2963167726993561,0.1566820740699768,0.1566937118768692,-0.8254010081291199,7.378929138183594,7.880514621734619,0.19622062679182303,0.08045777014441352,0.09374804304247193,0.21571511124108503,0.22473965594227815,0.6333425685690831,0.27567496479779163,-0.037615240390907086,0.24438397737424108,19.22995595556295,624.668159964544,610.8309019335256,-0.12418414279818535,0.051157135516405106,0.002669943147338927,-1.280897855758667,6.864176034927368,6.657975435256958
-0.06012304676696659,0.017261251993477344,-0.010547321080230177,-1.2577938199043275,6.721840667724609,7.037396478652955,-0.3123169541358948,-0.063960961997509,-0.18972651660442352,-1.73519766330719,6.3685760498046875,6.2171430587768555,0.12363956868648529,0.11937528103590012,0.1566937118768692,-0.9606733918190002,6.941389083862305,7.880514621734619,0.15567712544876472,0.061043461555401836,0.09769916135700023,0.2351315885408318,0.1849728522743808,0.4665864284883125,0.14435230123062823,-0.019471741114337405,0.07593204153723179,21.273712739102315,592.7594772659522,652.3383945517263,-0.041576243471354246,0.032503741793334484,0.011730164289474487,-1.2686275243759155,6.743567943572998,7.046733856201172
-0.08367962623015048,0.07407416924834251,-0.008522095438092944,-1.4516044318675996,6.614281177520752,7.115686893463135,-0.4018532931804657,-0.063960961997509,-0.2163742333650589,-1.921945333480835,5.98610258102417,6.2171430587768555,0.12363956868648529,0.3645341992378235,0.13430963456630707,-0.9786298871040344,6.968922138214111,8.715492248535156,0.1558311695023242,0.13056712888935848,0.1110706317977897,0.32281311214710307,0.29468816853652435,0.6480758454100563,0.22304499588373816,-0.6614223933746345,-0.8100287936680788,28.594742301119776,573.0622828252192,668.2265993406037,-0.06342736631631851,0.0506241861730814,0.020790385082364082,-1.4317325949668884,6.667851448059082,6.999149322509766
0.09560617860406637,0.1060514196753502,0.08144056730670855,-1.5276801943778993,6.774034261703491,6.7634399890899655,-0.4018532931804657,-0.08421323448419571,-0.2163742333650589,-1.921945333480835,5.98610258102417,5.295375347137451,0.7898324131965637,0.3645341992378235,0.40078669786453247,-1.0887632369995117,7.255029201507568,8.715492248535156,0.3468771302783264,0.12476567862772664,0.18856718938031544,0.2918724296512915,0.35790350621590916,1.0543030583176864,0.5569416553654896,-0.8306536869232004,-0.8501005321596278,31.144015634965804,600.98092092249,607.3504677726575,-0.04157624486833811,0.09166165813803673,0.05383354239165783,-1.5143325328826904,6.803423166275024,6.908169507980347
0.09560617655515671,0.050837364979088306,0.08836897154105827,-1.3397952258586885,6.910443925857544,6.503788805007934,-0.2675488591194153,-0.08421323448419571,-0.13643111288547516,-1.8596961498260498,6.557119846343994,5.295375347137451,0.7898324131965637,0.18652750551700592,0.40078669786453247,-0.8637081980705261,7.255029201507568,7.822455406188965,0.34160664546524366,0.0771212550170019,0.18076808995516777,0.3241603757972763,0.1919523127862077,0.8038902741090299,0.5811729503096762,-0.41379460696682,-0.6088176107942557,24.37196368710365,625.3808257555431,560.8747917961921,-0.012796718627214432,0.047426456585526466,0.03091651387512684,-1.2761093974113464,6.93001651763916,6.615179061889648
-0.0702491852454841,0.019712840110923932,-0.018648226698860525,-1.3973757684230805,6.867946910858154,6.751109790802002,-0.2675488591194153,-0.049038249999284744,-0.13643111288547516,-1.787271499633789,6.557119846343994,6.205770492553711,0.09166230261325836,0.1172434613108635,0.18653914332389832,-0.8637081980705261,6.964732646942139,7.206546783447266,0.11701330719305564,0.05043360243915057,0.08882037225886032,0.2860136083921413,0.12124479102487357,0.3292775880339496,0.5800736961692508,0.062434899293804934,0.26501920642261867,26.32618839480628,617.2252866318697,598.0285898567209,-0.0719546377658844,0.014383298344910145,-0.03836752846837044,-1.5218144059181213,6.913556337356567,6.74925422668457
0.01854098839685321,-0.0238828125438431,-0.04955956838093698,-1.6173430442810057,6.849152374267578,6.791212701797486,-0.12791483104228973,-0.06822460144758224,-0.1396288275718689,-2.3720552921295166,6.594229698181152,6.205770492553711,0.1524190902709961,0.060750313103199005,0.14923235774040222,-1.2539631128311157,7.001244068145752,8.085817337036133,0.08897792671424533,0.04018598643730734,0.07851669649760479,0.2854555614508696,0.11440561608295449,0.529870979260675,0.6355198859472759,-0.8434200250712567,-0.5093456665451117,35.34244084702372,614.1673804949614,607.5565685668676,0.021312348544597626,-0.036247351206839085,-0.06981182843446732,-1.5592237710952759,6.847715854644775,6.687902927398682
0.026748484186828136,-0.018766451952978967,-0.020247087534517053,-1.641584324836731,6.859088325500489,6.799412870407105,-0.08741030842065811,-0.06822460144758224,-0.1396288275718689,-2.3720552921295166,6.594229698181152,6.243479251861572,0.1524190902709961,0.03943214938044548,0.14923235774040222,-1.2539631128311157,7.001244068145752,8.085817337036133,0.07614173264916159,0.03717357084922488,0.0869962387339551,0.29589697472330945,0.12611613791859588,0.4988938867082953,0.5858765393562478,-0.9355080230702377,-0.656975856066593,36.41231218671465,615.5398974857342,610.0991892090747,0.035169159062206745,-0.01759395399130881,-0.02877435414120555,-1.587355613708496,6.8459203243255615,6.652588605880737
0.02920007295906544,-0.009173276624642313,-9.541464038193221E-4,-1.6171634674072266,6.968563175201416,6.673836994171142,-0.07035577297210693,-0.07568595558404922,-0.07141069322824478,-1.832761287689209,6.800131320953369,6.2386908531188965,0.26220765709877014,0.03943214938044548,0.0415755957365036,-1.4502875804901123,7.15746545791626,7.131728172302246,0.0935900244358112,0.035363606649060235,0.040007316804461485,0.11240175746085757,0.10002020151777727,0.3315294122247485,0.13516237057259753,-0.45135856935474505,-0.26186383265292523,34.29692130458085,635.4600875786734,583.438222560816,0.01704871514812112,-0.004270098987035453,0.016526751685887575,-1.6092027425765991,6.963236093521118,6.741772413253784
0.05073142281034962,0.003724215109832583,-0.027495265938341614,-1.7311873316764832,7.116345262527466,6.363428735733032,-0.0575648732483387,-0.07568595558404922,-0.17586971819400787,-2.256535053253174,6.932410717010498,5.528810024261475,0.26220765709877014,0.10232073813676834,0.12471644580364227,-1.2886790037155151,7.561487197875977,7.131728172302246,0.10496802010470015,0.048439252066327224,0.08940903772982331,0.2593410136840029,0.20472093541575534,0.5714746323505515,0.16008587216174056,-0.33001937535522463,-0.6244514448208974,39.623790383554976,664.0240935204903,529.543147993458,0.005856677831616253,-0.004803052986972034,-0.030373218469321728,-1.700780987739563,7.052420139312744,6.2928595542907715
0.02429689286509529,-0.04722620793618262,-0.038580710999667645,-1.649904191493988,7.220792293548584,6.297947359085083,-0.08314667642116547,-0.1790791004896164,-0.2526150941848755,-2.256535053253174,6.971915245056152,5.528810024261475,0.20464859902858734,0.10232073813676834,0.12471644580364227,-1.1306617259979248,7.561487197875977,6.925228118896484,0.08963044024847497,0.0902973282929781,0.12089257428278065,0.3636547420566174,0.16930469199957962,0.5094074811267889,0.37622264105020076,-0.04172377677482908,-0.631939417021837,36.38307841465873,683.2736741801382,520.8634684614242,-5.8186124078929424E-6,-0.046373479068279266,-0.006923235021531582,-1.7785925269126892,7.214926481246948,6.416759729385376
-0.03859170228242874,-0.16223772782832382,-0.051797981746494776,-1.5608399093151093,7.2383297920227045,6.251619529724121,-0.5500145554542542,-0.3879971504211426,-0.5809149742126465,-3.7385458946228027,6.733692169189453,4.708197593688965,0.5276188850402832,-0.029851900413632393,0.26754817366600037,-0.6823474764823914,8.019976615905762,7.228094577789307,0.31046464756893116,0.10150449138503652,0.24245151921614097,0.8695898226642513,0.3319966287589129,0.7351230536634503,0.38749477805676763,-0.6876249849882032,-0.14140510523418992,37.78455287785351,687.3874295894293,516.4152398952791,-0.038911473006010056,-0.15669499337673187,-0.006923235021531582,-1.3171101808547974,7.214926481246948,6.416759729385376
-0.025800800509750837,-0.276609699614346,-0.025043684290722016,-1.0787674099206923,7.086058664321899,6.416639852523803,-0.5500145554542542,-0.5063129663467407,-0.5809149742126465,-3.7385458946228027,6.255450248718262,4.708197593688965,0.5276188850402832,-0.029851900413632393,0.365611732006073,0.427963525056839,8.019976615905762,7.228094577789307,0.3112305821683317,0.147660061844146,0.2885182414104191,1.150161515463637,0.5141545423676672,0.858010512187918,0.09545321596376702,-0.17304823758976398,-0.36094598470628997,25.55598397029062,659.5544817760684,544.2361127835151,0.02504302840679884,-0.2702142372727394,-0.020780042046681046,-0.8242039084434509,7.03715705871582,6.736984014511108
-0.034328069724142554,-0.22597904694266616,-0.1346190634649247,-0.521397253125906,6.852983188629151,6.69921555519104,-0.30272382497787476,-0.5063129663467407,-0.7791739106178284,-1.5526397228240967,6.255450248718262,4.923675537109375,0.09272821247577667,0.20038431882858276,0.365611732006073,0.427963525056839,7.6261305809021,8.435969352722168,0.12179249859347085,0.21708855850102474,0.330296735206053,0.7120120593115363,0.5209378457849254,0.9616349368765071,0.37103851362036383,-0.3307901903868752,-0.05564420719112124,7.278568530196442,618.7770281732494,592.1356242573275,-0.03038420807570219,-0.23823698610067368,-0.028241401072591543,-0.4836287200450897,6.7136406898498535,6.962338447570801
-0.016101031377911558,-0.06108301621861756,-0.09422113215550777,-0.1991377241909504,6.6753932476043705,6.865732240676881,-0.30272382497787476,-0.40078800916671753,-0.7791739106178284,-1.5526397228240967,5.765836238861084,4.923675537109375,0.3474803566932678,0.20038431882858276,0.3858640193939209,1.410783290863037,7.6261305809021,8.610147476196289,0.1893357041703015,0.18261668863099764,0.34330312814566866,0.8841243421215915,0.5373422392735939,1.1229845078269556,0.2996013819715154,-0.4948169656417441,-0.007039107448326539,7.620709692241212,588.7408165555607,624.111805567784,-0.07888303697109222,-0.09220753982663155,-0.020780041348189116,-0.3016694001853466,6.531382083892822,6.689100027084351
0.04327007047832012,0.07897734697621674,4.315355792641563E-4,-0.3714005287736654,6.621643447875977,7.0269817352294925,-0.10126711428165436,-0.18440863490104675,-0.3613377809524536,-1.5789759159088135,5.765836238861084,6.0184245109558105,0.3474803566932678,0.5372113585472107,0.3858640193939209,1.410783290863037,7.2310872077941895,8.610147476196289,0.16982449189379117,0.24469890008999579,0.23850861108047708,0.9186306028172968,0.4360925440167514,0.7909444176760189,0.01846549802114967,-0.5093454607503134,-0.006603687663299945,9.053020292422861,575.666357821521,649.1995403969732,-0.036246705800294876,-0.026654175497014876,0.024521066807210445,-0.6257844567298889,6.636427640914917,6.750152111053467
0.03879324807785451,-0.07994959298807772,-0.06426910813897847,-0.7724292870610951,7.032428598403931,6.777984714508057,-0.09380575269460678,-0.48819249868392944,-0.3613377809524536,-1.5933411121368408,6.364386558532715,5.622782230377197,0.2515485882759094,0.5372113585472107,0.1748141348361969,-0.045489829033613205,7.7380595207214355,7.841609001159668,0.12126833908600665,0.34777193092232966,0.17288542897039944,0.5764611163521953,0.4767890855464911,0.6627743211291816,0.08888676294071889,-0.4966286959495914,-0.2618925474559888,10.479179256197925,648.3211880369489,602.923021749899,0.005323723657056689,-0.12631661258637905,-0.055422065779566765,-0.756866991519928,7.114968776702881,6.750152111053467
-0.14592868299223483,-0.11821570508182047,0.030809914693236354,-0.29083563536405566,6.765774297714233,6.99340295791626,-0.779184877872467,-0.48819249868392944,-0.3986445963382721,-1.5933411121368408,5.762843132019043,5.622782230377197,0.24302127957344055,0.3389523923397064,0.6789887547492981,0.8074445128440857,7.7380595207214355,8.111555099487305,0.2979024682216445,0.3121692239648632,0.3312086956627417,0.69993606782777,0.7050148352306442,0.9060318458841472,-0.5062493556791646,0.3531273795342137,-0.5233341346616853,5.084719231233402,602.8109688361819,644.564210946152,-0.03677965700626373,-0.20892451703548431,-0.055422065779566765,-0.343567930161953,6.7118449211120605,7.138012647628784
-0.11416461244225505,0.005429675057530406,-0.018435053620487456,0.10247183106839658,6.09503870010376,7.531499767303467,-0.779184877872467,-0.3624153137207031,-0.3986445963382721,-1.2090717554092407,5.759252071380615,5.672461986541748,0.44341206550598145,0.3389523923397064,0.6789887547492981,1.5376759767532349,6.564900875091553,8.111555099487305,0.3524852539945432,0.2838339828829733,0.3485113060555301,0.8243971740944332,0.2853303870816701,0.8092895676279696,-0.12462148431592612,0.4971658943816748,-0.10965995606936016,5.315696606252276,487.8059174114119,745.9536325065457,-0.11139325052499771,0.09219461120665073,-0.10818452993407845,0.14365209452807903,6.097732067108154,7.954435586929321
0.0775923129171133,0.01225148662924766,-0.08057750249281526,-0.2135029260069132,6.135800075531006,7.291540956497192,-0.20466022193431854,-0.3613493740558624,-0.261142373085022,-1.278503656387329,5.759252071380615,5.679644584655762,0.44341206550598145,0.37199556827545166,0.17161643505096436,1.5376759767532349,6.564900875091553,8.095394134521484,0.20041081039865133,0.2592260734383558,0.16098644320573086,0.916383068450379,0.2865695697394707,0.8545839534791091,-0.1338360309498106,0.3140173942938354,0.2471391162490233,7.348819801080684,493.1559786154552,703.7913992480164,0.10232139006257057,-0.002671238034963608,-0.10338794300332665,-0.5647322982549667,6.230311155319214,7.76409649848938
-0.02036466896533966,0.05051759022753686,-0.04156525209546089,-0.3614645894616842,6.254073667526245,7.221630334854127,-0.33043745160102844,-0.12045411020517349,-0.261142373085022,-1.278503656387329,5.826289653778076,5.679644584655762,0.21850541234016418,0.37199556827545166,0.17161643505096436,0.569819986820221,6.469132900238037,7.877521991729736,0.16461103103154215,0.16668980389573473,0.1487620188692802,0.525211480786288,0.18108392000799706,0.7170392330521829,-0.11726997325320641,-0.1802337412218214,0.6426282545651354,3.768963834989728,511.6299521364837,684.948764481666,-0.009598996490240097,0.00958670990075916,-0.05382320284843445,-0.43604397773742676,6.271611213684082,7.537245988845825
0.03698120098561049,-0.008640322391875087,-0.009801182895898826,-0.5124788541346788,6.311773920059204,7.4257958889007565,-0.33043745160102844,-0.15669499337673187,-0.30591052770614624,-1.544260025024414,5.787384033203125,6.875548362731934,0.2600758373737335,0.07354121655225754,0.24090047180652618,0.132279634475708,6.705560207366943,7.903858184814453,0.17751495311407878,0.07809948149594055,0.18044051742497644,0.5703377351122706,0.27461779659233915,0.3623183568677818,0.4380588799668483,-0.38547725707314273,-0.7597439258682686,5.766568171799609,522.3169678183882,722.9942280639757,0.02930666320025921,0.007987847900949419,-0.05382320284843445,-0.4132990539073944,6.3126115798950195,7.537245988845825
0.05115778492763639,-0.01780713405460119,0.0477578685618937,-0.5838260567747056,6.489303874969482,7.1478291034698485,-0.1332443654537201,-0.15669499337673187,-0.30591052770614624,-1.544260025024414,5.787384033203125,6.1716532707214355,0.2600758373737335,0.08100257068872452,0.24090047180652618,-0.014963760040700436,7.019200325012207,7.903858184814453,0.13483448587723143,0.07806164833671544,0.17178204730862587,0.5245726734772983,0.3614765503796878,0.512356835900095,0.6893138725968531,-0.636693268450548,-0.7835049050163584,6.498358847087433,552.2505309255249,671.7232836671644,0.028240752406418324,-0.03518144227564335,0.07408580742776394,-0.4997895807027817,6.541856527328491,7.018901348114014
-0.01226376434788108,-0.038485757634043695,0.04519968861714005,-0.018854339327663203,6.682515907287598,7.085519933700561,-0.17907842993736267,-0.28886762261390686,-0.15135382115840912,-0.601543128490448,6.27400541305542,6.1716532707214355,0.211044043302536,0.15241843461990356,0.21638458967208862,0.8972270488739014,7.019200325012207,7.657853603363037,0.1104223132958993,0.12722563822547295,0.12365885054704567,0.506484168784825,0.20937457847568555,0.40830000491975993,0.12406121725238478,0.044437619767609224,-0.3984171852339831,1.9039551176103586,585.1991629758755,659.9030379155848,-0.013329674024134874,-0.0591643787920475,0.034647196996957064,-0.127191960811615,6.708852291107178,7.183802127838135
0.019926667772233488,-0.004696461139246824,0.10361147485673428,0.2868852093815803,6.709570503234863,7.016387367248535,-0.17907842993736267,-0.28886762261390686,-0.15135382115840912,-1.037886381149292,6.1519012451171875,6.558915138244629,0.211044043302536,0.15241843461990356,0.39972084760665894,1.0935516357421875,7.114968776702881,7.410053730010986,0.11720151618762131,0.13122001201871525,0.16471403394182563,0.6533576701199808,0.27617333304853814,0.3222555117293248,0.5487906980774775,0.19299763334627593,0.15179897313194507,4.226477191621618,589.9455564660336,645.0734876583241,0.0015930449590086937,0.0037242139223963022,0.09273920208215714,0.5258265137672424,6.708852291107178,7.123049259185791
0.008414855785667898,0.008094439515843987,0.14432917609810827,0.6152499683201313,6.698257875442505,6.899370813369751,-0.0767512246966362,-0.1502995491027832,0.011730164289474487,-1.037886381149292,6.1519012451171875,6.558915138244629,0.19612132012844086,0.11404573917388916,0.39972084760665894,1.4413093328475952,7.114968776702881,7.332242488861084,0.10326232442898436,0.07457331016039564,0.13652064245412043,0.7199237156210162,0.284863679034126,0.2735162270309174,0.5495766607004318,0.1251007635787647,-0.11039179229825836,8.8163476037141,588.1675688547609,623.6551337531295,-0.0383785218000412,0.007987848483026028,0.09273920208215714,0.8400655090808868,6.699574708938599,6.899490594863892
0.002339179425189287,6.330799311399411E-4,0.08080103062093258,1.0263942293822765,6.707295894622803,6.847057485580444,-0.0767512246966362,-0.1502995491027832,-0.06608115136623383,0.12090718001127243,6.535572052001953,6.516417980194092,0.19612132012844086,0.09272756427526474,0.3016572594642639,1.5292962789535522,6.830058574676514,7.242459774017334,0.08364766560345879,0.06694455388640522,0.10776024362410204,0.40463952935002995,0.10070925230037399,0.21354832924052985,0.4385740062399435,-0.6948446271111643,-0.371376706486768,15.021679946084257,588.8263227305048,614.1333641393451,-0.004269451914979072,0.010119664948433638,0.057564226910471916,1.0573393106460571,6.739378213882446,6.857891321182251
0.01225212848062256,0.029199424758553506,0.07088808263652027,1.121623581647873,6.697898626327515,6.855018186569214,-0.0767512246966362,-0.02772008255124092,-0.06608115136623383,0.6619967222213745,6.475118160247803,6.516417980194092,0.20464859902858734,0.06394804269075394,0.1940004974603653,1.5993266105651855,6.821080207824707,7.170633792877197,0.08359248952594321,0.026413125267089426,0.0765547699176715,0.2957643152370266,0.09758785894479644,0.19959887998661544,0.11575835725154093,-0.3860969793042771,-0.26672112363692846,17.471725733415322,587.3763720007889,615.1026561558203,0.007988494274513869,0.03623441606760025,0.09540397301316261,1.1082160472869873,6.726808547973633,6.86178183555603
0.0771659454330802,0.023017155192792415,0.043920601485297084,1.183812963962555,6.8086902618408205,6.715017175674438,-0.09060803055763245,-0.11725639551877975,-0.2558128237724304,0.6290764808654785,6.475118160247803,5.846640110015869,0.350678026676178,0.13216617703437805,0.19186867773532867,2.0626046657562256,7.259817600250244,7.170633792877197,0.1614468651904193,0.06670085177405011,0.1260807341653337,0.40806836017939163,0.26892684433568353,0.4102971358757982,-0.2314983253389403,-0.7188187700058046,-0.37187210656353353,19.775612431840976,606.8476369496304,591.3064520791366,0.02024643961340189,0.037833282724022865,0.0895414762198925,1.1082160472869873,6.726808547973633,6.782773017883301
0.054462097212672235,-0.0037371454760432234,-0.01097368379123509,1.1077372074127196,7.0167464256286625,6.463266849517822,-0.09060803055763245,-0.11725639551877975,-0.2558128237724304,0.6290764808654785,6.536170482635498,5.846640110015869,0.350678026676178,0.13216617703437805,0.19186867773532867,2.0626046657562256,7.259817600250244,7.056310653686523,0.15565218343340428,0.07107344018815734,0.11714656521952714,0.39450399566641026,0.2374812047321429,0.3125794888108484,-0.5248308534916016,-0.6420714016569302,-0.04904526925337175,17.43292225176166,643.8458595458923,547.961182301608,-0.023455803282558918,-0.005868961103260517,-0.012252774788066745,1.0396820306777954,7.086238384246826,6.499958038330078
-0.01663398891687393,0.05680645341053604,-0.03708844152279198,0.6519410803914071,7.2296508789062495,6.490620708465576,-0.08314667642116547,-0.10339958220720291,-0.176935613155365,-0.8678981065750122,7.014411926269531,6.156689643859863,0.0671464055776596,0.48817959427833557,0.2824708819389343,1.214458703994751,8.177395820617676,6.678625583648682,0.04579190086946307,0.17065046276195256,0.12800844879626921,0.6765327673807329,0.3604005450104933,0.17746779504838656,-0.7529648909478699,0.08622690551422661,0.3969408971539023,9.115032390762332,684.1547983578492,550.989885178262,-0.027186481282114983,-0.0053360071033239365,-0.05755388364195824,0.8855552971363068,7.0901288986206055,6.552331209182739
0.025789164379239088,0.2977017479948699,0.1159760030452162,0.6738480508327483,7.044698810577393,6.957370328903198,-0.27394428849220276,-0.2814062833786011,-0.176935613155365,-0.8678981065750122,5.871779441833496,6.064512729644775,0.25261446833610535,1.1597018241882324,0.7823819518089294,3.976768970489502,8.177395820617676,10.06282901763916,0.14324194705262272,0.4360368914196463,0.3155628166794815,1.308635296169086,0.6863765546184794,1.1702539175498978,0.2806548135761156,0.8134595797959335,0.2937105174895303,20.961929325633413,650.6511848622463,640.4665876890942,0.04476233758032322,0.16467637568712234,-0.04796070861630142,0.48243163526058197,7.034762859344482,6.625952959060669
0.008841221546754242,0.1920702204108238,0.10926078096963465,0.38935704678297045,7.107426929473877,7.004356479644776,-0.27394428849220276,-0.31018584966659546,-0.3016469180583954,-0.37229835987091064,5.871779441833496,6.064512729644775,0.25261446833610535,1.1597018241882324,0.7823819518089294,3.976768970489502,7.968501567840576,10.06282901763916,0.15831764229252684,0.4798550214526964,0.3149799931654658,1.3022417804922275,0.6714093562955744,1.1533586187295355,0.2699227411659742,0.8818305899145292,0.24954831011597892,16.797682158640033,663.9727012101041,650.9805190023046,0.02077939547598362,0.052223045378923416,-5.277821328490973E-4,-0.0553659126162529,7.231985330581665,6.687005043029785
-0.01748671564273536,-0.05180961648002267,-0.03175889775156975,-0.17824831176549197,7.363726234436035,6.518932104110718,-0.21638521552085876,-0.31018584966659546,-0.3016469180583954,-0.37229835987091064,7.202955722808838,6.232106685638428,0.05968505144119263,0.09699119627475739,0.15136417746543884,-0.017956512048840523,7.968501567840576,6.860584735870361,0.07589886329565912,0.11858409423858471,0.12153517003114798,0.12039935823733713,0.2399055228702737,0.2165493239359032,-0.6253704856074214,-0.29528415495015525,0.0643048768097284,0.5415447273872647,711.0989645492434,555.7557978826433,-0.003736497601494193,-0.04210984893143177,-0.02770844753831625,-0.1430535465478897,7.254131555557251,6.473621845245361
-2.1900050342082977E-4,-0.009599638916552066,-0.0025530077982693915,-0.0630273570655845,7.270352363586426,6.378931140899658,-0.04690578952431679,-0.08527912944555283,-0.04796070232987404,-0.24899697303771973,7.202955722808838,6.186018466949463,0.05968505144119263,0.09699119627475739,0.0607619546353817,0.0802057534456253,7.312490463256836,6.646902084350586,0.03478630376500833,0.053926489265424545,0.03457298947276079,0.09190994379277262,0.03857457982966944,0.14434182430668238,0.796318125892559,0.15775183145285723,-0.23842140809039605,0.11622395158154437,691.9557305971656,532.8280371814493,-0.010131947696208954,-0.011198503896594048,-0.00585732446052134,-0.0715267714112997,7.289146661758423,6.3359551429748535
-0.009492403641343116,0.003297852049581707,-0.004258461957260805,-0.003052607493009419,7.263229656219482,6.405806016921996,-0.04690578952431679,-0.03944507613778114,-0.0351698063313961,-0.09097965806722641,7.190984725952148,6.186018466949463,0.030905526131391525,0.037300337105989456,0.025586973875761032,0.13527238368988037,7.312490463256836,6.575076103210449,0.027956032004562714,0.02289677936220059,0.01876052663024636,0.06831138625571091,0.0422165800488297,0.12489520168508288,-0.09897459316464026,-0.0030363504560746864,-0.4701378710619454,0.03784960687772153,690.3511261796666,537.0957032752062,-0.011197857093065977,0.0010594436898827553,-0.005324370504467879,-0.014365209266543388,7.274183034896851,6.389226198196411
-0.012476946739479898,0.0014858073322102428,-0.0071364147676376884,-0.031483750953339044,7.222228860855104,6.477691984176635,-0.03731261193752289,-0.028785988688468933,-0.03303799033164978,-0.15143324434757233,7.15626859664917,6.353612422943115,0.020246440544724464,0.033036697655916214,0.025586973875761032,0.13527238368988037,7.278971195220947,6.575076103210449,0.017984429305492218,0.01738589194512855,0.015834312076622257,0.0789523016388787,0.03390701804362164,0.07517048145359764,0.1429021028712174,-0.1968871790879543,-0.14245955094275597,0.07495720713242499,682.5853724652709,549.2728391375168,-0.0170603534206748,0.0010594436898827553,-0.005857324227690697,-0.03800795041024685,7.220911979675293,6.471227645874023
-0.010984675108920781,-0.004376689158380032,-0.008202323014847935,-0.0793677815934643,7.170454168319702,6.5150415897369385,-0.03198307380080223,-0.028785988688468933,-0.03303799033164978,-0.15143324434757233,7.061697483062744,6.390722751617432,0.007455540355294943,0.015982160344719887,0.0032028970308601856,0.0077811554074287415,7.278971195220947,6.648099422454834,0.01553652680151788,0.012536197951870588,0.0103958713834142,0.06306637217383375,0.06498004336994588,0.07434084804835492,0.06585908738898953,0.4176758232813665,-0.5183566819051022,0.12993747104813175,673.2408320058978,555.5858801230843,-0.011197856743820012,-0.003204189706593752,-0.004791415994986892,-0.0802057534456253,7.164049863815308,6.512527704238892
-0.0023508172598667443,-0.001711918134242296,-0.00500459767645225,-0.07984662270173432,7.126341009140014,6.577590036392212,-0.03198307380080223,-0.015995092689990997,-0.017049362882971764,-0.15023614466190338,7.061697483062744,6.464942932128906,0.013850990682840347,0.009586711414158344,0.0032028970308601856,-0.004189852625131607,7.169436931610107,6.716333866119385,0.014040531815533183,0.007623708961850975,0.006890493144512542,0.05851606927096113,0.035444452819035126,0.08147112847646217,-0.6082929043898264,0.5770995497847986,-0.3418961883600839,0.12891437854943283,664.8298334570165,566.4068161022797,0.0010600899113342166,-0.0021382812410593033,-0.002126645063981414,-0.0802057534456253,7.138910531997681,6.578667402267456
0.003191906935535372,0.010119664948433638,5.381259252317249E-4,-0.08595183817669748,7.149983739852905,6.5996167182922365,-0.02132398448884487,-0.0042700981721282005,-0.013851637952029705,-0.18974047899246216,7.083844184875488,6.512826919555664,0.01598280668258667,0.02983896993100643,0.019191522151231766,-0.004189852625131607,7.21791934967041,6.716333866119385,0.011258109516775671,0.010398299131954229,0.009075882847102779,0.060698506731242184,0.035023262526150754,0.06479716919761078,-0.6636726308134522,0.6397593775283352,-0.3924199413106573,0.1374188194932709,669.1662964286973,570.1414761773788,0.004790769366081804,0.007987848483026028,-0.0015936907730065286,-0.09726444259285927,7.146392345428467,6.594828367233276
2.0736320875585084E-4,0.014063525572419168,0.004162214579991996,-0.11013327427208425,7.171711158752442,6.570048379898071,-0.02132398448884487,0.004257168620824814,-0.006390278693288565,-0.18974047899246216,7.131728172302246,6.50025749206543,0.01598280668258667,0.02983896993100643,0.019191522151231766,-0.0347159244120121,7.21791934967041,6.66904878616333,0.010703994033306526,0.007483321458999503,0.007078466218826089,0.04169662542086692,0.02396331288329907,0.046175317120122746,-0.28198039247623247,0.43198649088483754,-0.2912153162025804,0.17910336815804823,673.2819384384685,564.9164030108253,5.271356785669923E-4,0.01385034341365099,0.0037358510307967663,-0.10354921966791153,7.1664440631866455,6.5678935050964355
0.01246530977077782,2.067167079076171E-4,-0.0026595990406349302,-0.14574702456593513,7.176738977432251,6.492296600341797,-0.06396032124757767,-0.1215200200676918,-0.03410389646887779,-0.3100491166114807,7.150282859802246,6.005854606628418,0.134298637509346,0.052223045378923416,0.00533471442759037,-0.08619125932455063,7.223306179046631,6.666055679321289,0.051141514838521036,0.04615874218508892,0.011818825941155815,0.07352201184665151,0.023043618679410786,0.18038330201238625,-0.2072775927191204,0.4070986614434279,-0.5625153150789686,0.3254829318454163,674.1886145152082,551.5145308661002,5.271356785669923E-4,0.009586710017174482,0.0016040345653891563,-0.11162964999675751,7.175422191619873,6.532578945159912
0.018540987465530633,5.264895502477893E-4,-0.0055375517113134265,-0.1836951203644276,7.182664632797241,6.492895126342773,-0.06396032124757767,-0.1215200200676918,-0.03410389646887779,-0.3190273642539978,7.019200325012207,6.005854606628418,0.134298637509346,0.052223045378923416,0.009598348289728165,-0.05746083706617355,7.258620738983154,7.131728172302246,0.05929874902801,0.04662799257593162,0.012213323847076919,0.09770924866492191,0.06825547890762025,0.28916659604068096,0.5729612436572669,-0.3777508375808285,-0.8131352288350153,0.5587213654490721,675.1527649597457,552.8825012897497,0.009587357053533196,0.006388985901139677,-0.0026595990639179945,-0.1984194591641426,7.1867945194244385,6.490680456161499
0.0020194068551063534,0.009480119717773051,-5.277822026982903E-4,-0.18213888704776765,7.211933803558349,6.5421558856964115,-0.03198307380080223,-0.0010723733576014638,-0.017049362882971764,-0.3190273642539978,7.019200325012207,6.2404866218566895,0.08739867061376572,0.024509428068995476,0.009598348289728165,-0.05746083706617355,7.280168533325195,7.131728172302246,0.03453371441878528,0.00818662670488699,0.007423193337504273,0.08139016589358018,0.07466946425400586,0.23019817679587412,0.6727291844573202,-0.7444628465833582,-0.8608121065509265,0.5300456890130695,680.3690920749243,561.8287173456215,-0.0016046811360865831,0.008520802482962608,-5.277824820950627E-4,-0.1810614913702011,7.234977960586548,6.514622449874878
0.0023391792085021733,-3.2623758306726835E-4,-0.0051111884415149696,-0.19129670578986405,7.241083240509033,6.514083862304688,-0.018126262351870537,-0.020258724689483643,-0.019181178882718086,-0.36631283164024353,7.169436931610107,6.377554416656494,0.04369642212986946,0.014916252344846725,0.00533471442759037,-0.025737667456269264,7.2969279289245605,6.644507884979248,0.018295851130605882,0.01022445140986646,0.00846486099770407,0.10428840501055578,0.038386083066061887,0.08814828304085447,-0.2747806340980775,0.4883601152686447,-0.7486957336575356,0.5910812236208097,686.1088683519715,555.6741653133188,5.271356785669923E-4,-0.0016053272993303835,-0.003725507645867765,-0.16549918055534363,7.239766359329224,6.516418218612671
0.012891671992838381,-0.005336007010191679,-0.009161640494130551,-0.22164320964366196,7.256944799423218,6.438726329803467,-0.023455804213881493,-0.03411553427577019,-0.019181178882718086,-0.36631283164024353,7.169436931610107,6.288370609283447,0.07460776716470718,0.024509428068995476,0.004268805030733347,-0.025737667456269264,7.328650951385498,6.644507884979248,0.03162574064875511,0.018040147779946742,0.007232834017303855,0.13057975651752077,0.041858316986085026,0.11187884860075593,-0.37550513785481693,0.5216680560130215,-0.6433728286293975,0.8551709459427513,689.4481119313317,542.7257131122963,0.00585667765699327,-0.005336006870493293,-0.008522095158696175,-0.2304418981075287,7.261314153671265,6.411073446273804
0.06693322802893817,0.0439089591614902,0.004908351262565702,-0.21739350259304047,7.3422980308532715,6.299144363403321,-0.023455804213881493,-0.03411553427577019,-0.017049362882971764,-0.3609258830547333,7.239467144012451,4.2515034675598145,0.4391484260559082,0.3826546370983124,0.06715741008520126,-0.07362169772386551,7.881711483001709,7.170633792877197,0.1420569699642591,0.12124293114612604,0.024576068955132983,0.10934459679685822,0.1939768032416499,0.7780972503354299,0.154410886848535,-0.2883251902715839,-0.8972166293174733,0.7816463376453728,706.5648430293109,521.8102524240164,0.010653264820575714,0.016515115275979042,-0.003725507587660104,-0.23672667890787125,7.264606237411499,6.4041900634765625
0.14335884503088892,0.10274710319936275,0.05148854692233726,-0.25181015059351924,7.4347141742706295,6.345053172111512,-0.9753120541572571,-0.7045719623565674,-0.20997878909111023,-1.1300631761550903,6.8348469734191895,3.134608507156372,1.35263192653656,1.0360565185546875,0.3666776716709137,0.34356793761253357,8.034341812133789,10.831966400146484,0.6392046986038199,0.4563676712888706,0.16196122665498539,0.45854569734346234,0.3883701671484562,2.379692977577234,0.8527248772102956,-0.9537452522229348,-0.9349491555537132,2.6522714608423894,726.108084458198,566.9036713202512,0.006389631191268563,0.021844657137989998,0.00746653089299798,-0.17058686167001724,7.343914031982422,6.375160217285156
0.08057684004306795,-0.007467826455831536,0.018019019579514867,-0.2816179655492305,7.642650604248047,5.757037341594696,-0.9806415438652039,-0.7045719623565674,-0.3123060166835785,-1.1300631761550903,6.8348469734191895,1.3946224451065063,1.35263192653656,1.0360565185546875,0.3666776716709137,0.34356793761253357,8.305485725402832,10.831966400146484,0.8588798575057436,0.5229712240947809,0.21246362276488215,0.5414788403028821,0.4657980248172194,3.1538386094404744,0.8631188684816975,-0.9573456230186381,-0.919517411990212,3.303244504270046,767.7165166491784,507.08766767023315,0.0660804957151413,-0.06555983051657677,0.01492788945324719,-0.16160860657691956,7.701847314834595,5.003582239151001
0.03762074708938601,-0.06023028884083034,-0.008415506035089493,-0.31890765596181153,7.810184907913208,5.318180119991303,-0.9806415438652039,-0.7035060524940491,-0.3123060166835785,-1.2838906049728394,7.397484302520752,1.3946224451065063,1.0467162132263184,0.22809793055057526,0.17161643505096436,0.25977087020874023,8.305485725402832,8.292915344238281,0.778470461725182,0.29193235060748896,0.1521853258493003,0.4939632087093969,0.303582356350408,2.5611355005711833,0.8150634045211779,-0.8833254269281384,-0.9397681572843762,3.961903711135109,802.4498230931928,431.06833789755035,0.33042576909065247,-0.024522357620298862,0.04903695359826088,-0.14993687393143773,7.8715362548828125,4.811447381973267
0.008095077425241473,-0.028253028728067876,0.017486067861318594,-0.29502548873424533,7.701069116592407,5.802227759361267,-1.0467278957366943,-0.5148401856422424,-0.26860377192497253,-1.2838906049728394,7.164648056030273,3.7451298236846924,1.1383843421936035,0.27606382966041565,0.19613231718540192,0.3196259140968323,8.08162784576416,10.320205688476563,0.8151643935669032,0.27400515392794894,0.16627503371143806,0.5211075102139919,0.31870401123683284,2.3524613592012953,0.7038784773111837,-0.7044523606328574,-0.9397568637694215,3.955484189550647,779.9669835117237,484.0340819484909,0.21104403212666512,0.030904880724847317,0.07621762156486511,-0.01915361313149333,7.782651424407959,4.810250282287598
-0.002563988417387003,-0.04786575213074684,-0.00511118918657303,-0.07888894136995075,7.5295844078063965,5.8910527467727665,-1.3643684387207031,-0.608640193939209,-0.3144378066062927,-0.9792284369468689,6.6145806312561035,2.8987796306610107,1.2609639167785645,0.3645341992378235,0.21745048463344574,0.4315548241138458,7.997830390930176,10.320205688476563,1.068682813000191,0.3814666431591476,0.2243183913670418,0.42337876070560004,0.45923762798399304,2.8880262592888597,0.6237867604145882,-0.6717971219417221,-0.9446366957472373,1.642992480965945,746.1939809957091,516.8924114734626,0.2712678648531437,0.12896845117211342,0.10926078259944916,-0.038606501184403896,7.681197166442871,4.698920011520386
0.04955893754959108,-0.004056920390576122,-0.009694592189043762,-0.038367082830518484,7.545565795898438,5.695207166671753,-1.3643684387207031,-0.608640193939209,-0.3144378066062927,-0.3800795078277588,6.6145806312561035,2.4432828426361084,1.2609639167785645,0.3645341992378235,0.21745048463344574,0.4315548241138458,8.177395820617676,10.278905868530273,0.9946854423544952,0.3311604367599884,0.18901537537792915,0.30106251233643516,0.46804655054906585,2.787915905025673,0.7275506529499527,-0.8292451227212037,-0.969204013374697,0.8971154212017083,750.121134037644,490.7222833922698,0.38105645775794983,0.06981053622439504,0.04104264313355088,-0.1140238493680954,7.591713905334473,5.261557340621948
-0.056179197132587434,0.005003305245190857,-0.01886140750721097,-0.16346411695703866,7.630559968948364,6.063555097579957,-0.8783143758773804,-0.4348970949649811,-0.25154921412467957,-0.7649474143981934,6.970717906951904,2.4432828426361084,0.883632242679596,0.27712973952293396,0.1471005231142044,0.2908954918384552,8.177395820617676,10.333972930908203,0.6505494587409576,0.2223889342504475,0.12561956191925355,0.35818666703607344,0.3966730954985791,2.8759427571253573,0.9104677147230755,-0.9605651678795192,-0.9614261235612059,1.4691644589270128,764.6740984420301,543.8740061923722,-0.019725121557712555,0.06128326477482915,0.013329026754945517,-0.15592237934470177,7.663839340209961,5.5988404750823975
-0.053514428436756106,-0.05905778734013438,-0.031758897806912496,-0.1702277332544327,7.76098403930664,5.751949620246887,-1.3835549354553223,-0.4348970949649811,-0.25154921412467957,-0.7942763566970825,6.970717906951904,1.326387643814087,1.0616389513015747,0.24621838331222534,0.14070507884025574,0.3627215325832367,8.31566047668457,10.529698371887207,0.8593390085541163,0.24313783434880132,0.13578499769489258,0.450327506449174,0.44238202505291596,3.3214200297382512,0.7954306034767877,-0.920747764040034,-0.9646096867044125,2.091885676370147,789.6096522211617,519.9094497857469,-0.019725121557712555,-0.05809847405180335,0.009065393081755246,-0.039803601801395416,7.967005252838135,4.711788654327393
0.15170848204029927,-0.0266541742409269,0.001781688838137705,-0.17038734505573908,7.789335356818305,5.6784476439158125,-1.3835549354553223,-0.35388803482055664,-0.205715149641037,-0.7942763566970825,7.182604789733887,1.326387643814087,1.155439019203186,0.3933137059211731,0.1769459843635559,0.4124012291431427,8.31566047668457,10.529698371887207,0.9514592618371014,0.24983900753852198,0.13113273107306642,0.44225350794240315,0.346699784248531,2.9543593541020092,0.6844416513584985,-0.8739710625363059,-0.9066536110441062,1.7755239780045042,762.4089270759938,469.54287970747254,0.5361461043357849,-0.08634505420923233,0.012796073220670223,-0.23702596127986908,7.842805862426758,5.052363872528076
-0.048184862732887246,-0.012371005117893213,-0.004898004420101645,-0.2681505769491196,7.7330316543579105,6.231987142562867,-1.3835549354553223,-0.35388803482055664,-0.205715149641037,-0.5871779322624207,7.497442245483398,2.851494073867798,1.155439019203186,0.3933137059211731,0.1769459843635559,0.4124012291431427,8.080430030822754,8.103774070739746,1.038638872447778,0.29272199431755874,0.1459138734087957,0.4032946233612441,0.24244037162498247,2.2459414443501062,0.12144322617513326,-0.6855813312933133,-0.6640963491475602,0.9973148817039487,396.3465668756655,268.61080806490503,0.07567368447780609,-0.08634505420923233,0.012796073220670223,-0.40282443165779114,7.727884292602539,7.229291915893555
