-0.01577544434,-0.001492272,0.0057559053,-1.70395328,6.40496816,7.04218484,-0.026647711,-0.015988627,0.0,-1.757344,6.3500214,6.9964557,-0.0021318167,0.0063954503,0.013856809,-1.6609774,6.456563,7.141305,0.0165516845646,0.0119288261472,0.0102248059386,0.0385987634549,0.0326419387337,0.0608051193406,-0.716328426506,0.453155010236,-0.68384341966,14.5229655155,205.124033066,247.974817645,-0.021318167,0.0042636334,0.005329542,-1.704073,6.4026937,7.0257845
-0.01289749134,-0.00330431621,0.00607567815,-1.68851068,6.4005987,7.02440791,-0.026647711,-0.015988627,-0.01918635,-1.757344,6.3500214,6.8593874,0.010659084,0.0063954503,0.015988627,-1.5987281,6.475118,7.2203135,0.00293484695756,0.00351371222372,0.00692723643194,0.0137452465805,0.00879941143029,0.0568609461298,-0.852091439869,-0.630120801727,0.365307546938,14.0088379567,204.569148079,245.539882285,-0.014922717,0.0005329541,0.01012613,-1.6927005,6.38743065,7.0111201
-0.00682181334,-0.00596908699,0.01065908424,-1.65301663,6.37683625,6.97706261,-0.025581801,-0.028779527,-0.01918635,-1.7669208,6.2871733,6.8420296,0.029845435,0.014922718,0.024515891,-1.5334861,6.475118,7.2203135,0.00363885002458,0.00808485976372,0.00482531294757,0.0353154961462,0.0134479460042,0.0373158719503,-0.962046381511,-0.872141254206,0.77792109131,13.3787328547,202.105036484,241.367015193,-0.010659084,-0.0063954501,0.0154556725,-1.642123,6.3458313,6.97969635
-0.01279090077,-0.00373067929,0.01470953607,-1.6294936,6.3619923,6.96012359,-0.03943861,-0.028779527,0.0010659083,-1.7669208,6.2871733,6.8420296,0.029845435,0.014922718,0.045834064,-1.5334861,6.435614,7.079654,0.000599922302001,0.00356025399576,0.00693481005863,0.0340147368336,0.0276178962977,0.0113586284171,-0.928391421215,0.0919655780723,-0.132431093354,13.2336462423,202.668078407,243.115211243,-0.018120443,-0.0031977249,0.012790901,-1.62686,6.3494225,6.96353535
-0.01630839846,-0.003304316,0.01662817143,-1.60231941,6.32859316,6.94994817,-0.03943861,-0.022384075,0.0010659083,-1.6885107,6.25964,6.8635774,0.010659084,0.010659084,0.045834064,-1.5263035,6.4026937,7.079654,0.00828885482835,0.00145801712397,0.00660764549915,0.00145982606747,0.000134232034392,0.0030091750311,-0.845226993471,0.101706804285,-0.0647558647644,12.4750541431,197.864953729,239.947777889,-0.0170545345,-0.00159886255,0.0122579465,-1.6121955,6.329072,6.93061485
-0.00980635738,-0.00810090379,0.01193817403,-1.60279825,6.30339411,6.98406561,-0.031977255,-0.030911343,-0.0021318167,-1.722628,6.2285156,6.8635774,0.011724993,0.018120442,0.03304316,-1.5005659,6.3949122,7.162853,0.00555923927177,0.0028945521177,0.00168168397612,0.0158073677325,0.0253406833012,0.00241941311609,-0.932915833246,-0.0636254564565,-0.277436523152,13.2631276239,199.486278649,247.896800978,-0.0101261295,-0.01012612965,0.00799431315,-1.59962595,6.3003417,6.95635265
-0.01801385216,0.0033043162,-0.0010659084,-1.66229418,6.33427932,7.02267211,-0.071415864,-0.030911343,-0.024515891,-1.7423803,6.2285156,6.7821746,0.031977255,0.05969087,0.024515891,-1.5005659,6.3949122,7.164648,0.0184159805982,0.00625331024207,0.000599918434657,0.0318170525714,0.0282609808969,0.0638636040134,-0.918651562934,0.245235167906,0.118999495567,14.4152709493,201.768828377,245.407053366,-0.0213181675,0.0,-0.00373067935,-1.66815995,6.3353567,7.04523765
-0.03688043034,-0.0118315829,0.01428317264,-1.62895492,6.25808385,7.10634944,-0.25901574,-0.08527267,-0.024515891,-1.7435774,5.8556185,6.7821746,0.07248177,0.05969087,0.15775444,-1.3263876,6.393117,7.429806,0.0588551102882,0.00948865059605,0.0405338197939,0.0804092296654,0.105251548748,0.00912844024331,-0.929795086207,-0.419999973648,0.293835670551,12.2652434619,190.082936939,259.887190864,-0.026114755,-0.007994313,0.002131817,-1.63404255,6.285677,7.1404072
-0.0555338269,-0.01865339633,0.0152424902,-1.58669724,6.14603525,7.28411897,-0.25901574,-0.08527267,-0.01918635,-1.811812,5.8556185,7.019799,0.07248177,0.0628886,0.15775444,-1.3239934,6.2961516,7.429806,0.055993737109,0.00198472845926,0.038091179182,0.0268878994381,0.0476932789242,0.0482018508365,-0.668806787366,-0.258485606276,-0.17130628916,13.1549490884,187.828443068,270.865029145,-0.036773841,-0.01545567165,0.0010659085,-1.6011223,6.1686605,7.30979685
-0.06523359443,0.00170545341,-0.00927340267,-1.60998084,5.9801769,7.44518883,-0.26008165,-0.041570432,-0.08207495,-1.9093758,5.286397,7.127538,0.06502041,0.0628886,0.06502041,-1.2401965,6.3278747,8.1343,0.0534912788098,0.00117292424306,0.0349047778427,0.0517800085626,0.188088483624,0.238208378549,-0.956092013374,0.554981244555,-0.599690748783,13.1875616836,170.623962118,284.231357323,-0.058624966,0.00159886255,-0.027713617,-1.68222585,5.98640185,7.3914988
-0.01897317163,0.00095931637,-0.0112986287,-1.67199068,5.78032092,7.51318416,-0.26008165,-0.041570432,-0.08207495,-1.9093758,5.286397,7.069479,0.12151355,0.056493144,0.06502041,-1.2401965,6.3278747,8.1343,0.00850371268697,0.00157714340738,0.0311357972942,0.124675133625,0.181829640006,0.0637736929506,-0.684237655254,-0.0149414115288,-0.609984500336,15.118112541,164.139661515,281.364839637,0.005862493,0.00106590835,-0.03197725,-1.7199345,5.79546435,7.43429515
0.0364540667,-0.05638655527,0.0027713622,-1.68671503,5.86052675,7.39838229,-0.14176582,-0.30804753,-0.040504523,-1.8746599,5.542577,6.931214,0.12151355,0.049031783,0.09699767,-1.3838485,6.081272,7.8475943,0.0448460786468,0.0559804153141,0.0208799744748,0.0654011615559,0.0222947983192,0.0561810973806,0.000810481397306,0.767870010888,-0.354977399536,13.516596162,179.57653031,266.755908091,0.058092009,-0.03037839035,-0.006928404,-1.67444475,5.87836365,7.433098
0.02344998624,-0.0670456378,0.0069284043,-1.49266499,6.03656039,7.21564483,-0.08420676,-0.30804753,-0.07354768,-1.8231845,5.8819547,6.7636194,0.09379994,0.026647711,0.09699767,-1.2826935,6.17285,7.560889,0.0166957986204,0.0478068066226,0.000929520024759,0.0610639117286,0.0103097672412,0.0257129837277,-0.627995512227,-0.282961302625,0.32434058679,9.13390569852,184.893210549,254.389364142,0.0229170327,-0.0351749785,0.011192038,-1.46375505,6.04924965,7.2795698
-0.02121157686,-0.0062888584,0.0090602219,-1.37085997,6.06193886,7.17655941,-0.08420676,-0.098063566,-0.07354768,-1.5071499,5.8957214,6.7636194,0.09379994,0.15455672,0.09166813,-1.2826935,6.17285,7.500435,0.0245343382451,0.0282477206817,0.000910163025549,0.0267664013325,0.0117145279478,0.0706094900017,-0.83944536344,0.294737994714,-0.714518026587,9.71040662089,182.632373058,261.220309567,-0.0245158943,-0.0085272675,0.0143897635,-1.35571665,6.064812,7.2532337
-0.0604370076,0.01513589956,0.03837270493,-1.38127471,6.04362326,7.30231488,-0.35174978,-0.061822686,-0.04476815,-1.4688426,5.8957214,6.764218,0.01918635,0.21957713,0.21744533,-1.3048398,6.124966,7.5770497,0.0855123640176,0.0165600567684,0.0266921339429,0.00592762377111,0.0131752338264,0.106808209913,-0.798002229993,-0.404293047032,0.329150178325,9.39857403491,182.671337078,272.564104895,-0.0383727035,-0.0106590845,0.0149227175,-1.37546875,6.0609215,7.3436149
-0.05979746207,0.00671522286,0.04093088283,-1.368405885,5.91319915,7.53850289,-0.35174978,-0.058624964,-0.054361332,-1.7369933,5.4120927,6.9916673,0.01918635,0.21957713,0.21744533,-0.93254155,6.121375,8.658031,0.0735642159981,0.053346423419,0.00750203052523,0.160093854063,0.133186170444,0.341039276079,-0.996293003292,0.976343809188,-0.984441923574,9.67968620779,167.443333035,297.713034292,-0.028779526,-0.01385681,0.0026647705,-1.35990645,5.93343025,7.4525512
-0.04999110519,-0.01513589903,0.00906021987,-1.366909525,5.78534875,7.61236401,-0.14816128,-0.058624964,-0.0628886,-1.7369933,5.4120927,6.9916673,-0.0021318167,0.041570432,0.20039077,-0.93254155,6.1177835,8.658031,0.00272654093211,0.0117736249491,0.0455977417876,0.109545845956,0.143671636051,0.344731970866,-0.718128725888,-0.942490288233,0.638381914665,9.41449603632,167.536269269,283.571450656,-0.034109067,-0.009593176,-0.00692840465,-1.40479775,5.79007745,7.5558012
-0.04242315562,-0.01556226243,-0.00063954564,-1.37576809,5.6807221,7.58189783,-0.14816128,-0.050097693,-0.0628886,-1.5125369,5.5180364,7.2819643,0.0,0.017054534,0.029845435,-1.1510124,5.844246,7.801506,0.024730918016,0.00270923592603,0.0131569191384,0.0417508075573,0.00741558056042,0.0302940468964,0.624891483895,-0.485060151862,-0.916872178321,9.60997671584,155.305035603,291.449934144,-0.030911342,-0.011724993,-0.0015988625,-1.39791445,5.6883237,7.5941084
-0.01438976351,-0.00820749453,0.01225794596,-1.39180926,5.59764329,7.68077829,-0.058624964,-0.025581801,-0.015988627,-1.5125369,5.5180364,7.526771,0.010659084,0.017054534,0.050097693,-1.2880805,5.6676736,7.801506,0.00413830490826,0.000666384449951,0.000610606910523,0.00126341101546,0.00272004461848,0.0421017575634,-0.870899574107,-0.880812938908,0.627160320732,9.80717097308,158.053833814,298.574242144,-0.0122579459,-0.01119203865,0.00799431265,-1.3877391,5.61440275,7.6617444
-0.00437022451,-0.00074613587,0.00927340257,-1.3816339,5.60739971,7.68927771,-0.045834064,-0.030911343,-0.041570432,-1.4945804,5.5497594,7.6081743,0.057559054,0.022384075,0.053295422,-1.2880805,5.6676736,7.7841477,0.0198351876286,0.00298434165922,0.0112839299481,0.0144220309181,0.00705199645448,0.00581366439876,-0.892145055952,-0.166651080638,-0.0848625416458,9.31870913426,156.392414215,292.707705742,-0.0127909009,0.0,0.0042636335,-1.38325,5.60572375,7.68059875
-0.0053295424,-0.00309113456,0.00138568071,-1.41730749,5.62020865,7.66102622,-0.045834064,-0.03304316,-0.041570432,-1.5179238,5.5479636,7.524377,0.057559054,0.022384075,0.053295422,-1.318008,5.712565,7.7584105,0.0144279210363,0.00417000364598,0.0105781440203,0.00431261366721,0.024107159907,0.0345606799232,-0.976121690358,-0.559001800267,0.715043566322,10.8177684125,159.508917257,294.247088825,-0.018120443,0.0,-0.00426363335,-1.42395145,5.63235915,7.67491275
-0.00202522592,-0.01716112509,0.00458340605,-1.44879123,5.62978551,7.64295,-0.03517498,-0.047965877,-0.021318167,-1.5179238,5.5479636,7.5100117,0.053295422,0.0063954503,0.03304316,-1.3449428,5.712565,7.7584105,0.00906794242293,0.00266323475308,0.0018128952361,0.01225038107,0.0217972341599,0.00256185055322,-0.263989808455,-0.957607871905,0.452838052269,10.2029718173,157.466469286,289.971730054,-0.0053295421,-0.01652158065,0.00266477085,-1.44968905,5.64403115,7.653365
-0.00564931402,-0.0150293087,0.00607567776,-1.4477737,5.64008059,7.60398434,-0.034109067,-0.047965877,-0.017054534,-1.5292963,5.5653214,7.4866686,0.053295422,0.037306793,0.030911343,-1.3449428,5.72274,7.7278843,0.0146269262951,0.00958613540387,0.00557508279514,0.00478167361596,0.006606942193,0.00110832016909,-0.970243088394,-0.871913092971,0.803576050568,10.7923588086,160.66344348,288.297934568,-0.0085272671,-0.01652158065,0.0069284042,-1.43592235,5.62607465,7.6018895
-0.0101261292,-0.0057559057,0.00586249629,-1.46142066,5.65713921,7.58638689,-0.029845435,-0.045834064,-0.010659084,-1.5292963,5.6132054,7.4866686,0.013856809,0.037306793,0.026647711,-1.3928268,5.72274,7.7278843,0.00271578758976,0.0116917406996,0.004346829218,0.0113889415644,0.0179597825678,0.0241042881191,-0.915546385053,-0.740631224585,0.82473352371,10.586429185,159.382644633,287.279240136,-0.018120442,-0.0042636335,0.0047965875,-1.44938975,5.64433015,7.6072763
-0.0158820345,-0.0043702243,0.00394386091,-1.45920602,5.63571113,7.59392858,-0.049031783,-0.03304316,-0.011724993,-1.5352818,5.57849,7.3938932,0.013856809,0.014922718,0.036240883,-1.3257891,5.7143607,7.817068,0.00449566149842,0.00176643832483,0.00260745819618,0.0283364579196,0.0204999855782,0.0728137498346,-0.676395293475,-0.874324671322,0.456112348132,10.7409247427,158.244867897,289.512536575,-0.0207852125,0.0,-0.002664771,-1.46076225,5.631162,7.6177508
-0.0208918045,0.00287795254,-0.00415704276,-1.51098061,5.63630964,7.61667358,-0.049031783,-0.03304316,-0.049031783,-1.7076643,5.5533504,7.3819222,0.012790901,0.043702245,0.036240883,-1.3257891,5.755062,7.878719,0.0027313427679,0.00905743098698,0.00654163167302,0.0157492220472,0.0196327315902,0.0238139233721,-0.956884592886,-0.850191909831,0.937327009013,12.1829215236,159.474411122,290.872682592,-0.0175874885,0.0021318167,-0.01012613,-1.52690205,5.6416368,7.65067115
-0.01236453746,-0.00309113436,0.00053295433,-1.53013423,5.64079877,7.62289846,-0.047965877,-0.023449985,-0.049031783,-1.7076643,5.5533504,7.3819222,0.007461359,0.043702245,0.025581801,-1.4203601,5.755062,7.878719,0.00767874559388,0.0159084755634,0.0131828510902,0.0266868928235,0.0337616677347,0.0650322957451,-0.965619389639,-0.84427427196,0.744871953509,11.2997701515,158.743333541,290.400324796,-0.00852726765,-0.00799431265,-0.0031977255,-1.52121585,5.64403105,7.63660515
0.00319772476,-0.01087226545,0.01023272043,-1.5367183,5.66114953,7.6431294,-0.023449985,-0.023449985,-0.018120442,-1.6412252,5.598242,7.5339537,0.049031783,0.021318167,0.025581801,-1.4472948,5.7257333,7.7859435,0.0111675905842,0.00578969915883,0.00373254531463,0.00219843837178,0.00741840034437,0.00943918640054,-0.490351853559,-0.799547557539,-0.115795144715,12.3614370843,161.756680166,293.84892644,0.00479658785,-0.0154556715,0.0117249925,-1.5125369,5.65570275,7.6401965
-0.00063954522,-0.00778113112,0.00191863511,-1.52720134,5.70101296,7.60254781,-0.03304316,-0.022384075,-0.028779527,-1.6412252,5.6622868,7.4746976,0.049031783,0.021318167,0.018120442,-1.4185644,5.7652373,7.7673883,0.00559302469776,0.00251670757881,0.00029346273175,0.0047533861388,0.0127993305847,0.0159391799202,-0.568857917884,-0.509064395103,0.976795305369,11.0176556718,163.269630666,284.224691778,0.002664771,-0.013323855,0.00852726735,-1.50894555,5.70029465,7.6039845
-0.01428317201,-0.00927340325,0.00127909004,-1.49517889,5.70250929,7.5454461,-0.03304316,-0.022384075,-0.028779527,-1.5843629,5.66109,7.4723034,0.010659084,0.011724993,0.013856809,-1.4185644,5.7652373,7.6554594,0.0063313083691,0.00204045737945,0.00794415519368,0.0275123687482,0.0103159483336,0.00479201318614,-0.0194103779314,-0.867402228715,-0.0208055028821,11.3633106229,161.927647467,285.149665076,-0.012257946,-0.0095931755,0.0042636335,-1.49218615,5.70328735,7.52736985
-0.01630839779,-0.00906022165,0.00628885961,-1.51247701,5.6893412,7.56603616,-0.024515891,-0.023449985,-0.0021318167,-1.5430629,5.66109,7.4723034,-0.0021318167,0.008527267,0.014922718,-1.4592658,5.732317,7.6554594,0.000124448758791,0.00103843059466,0.0020855823794,0.00395539761321,0.00525326240121,0.019109731903,-0.609087166927,-0.943015948407,0.66853317438,11.5195414424,161.76281697,287.329154164,-0.017054534,-0.0074613585,0.00479658775,-1.5194202,5.68592955,7.57076455
-0.01247112781,-0.00959317551,0.00682181376,-1.50697034,5.66653651,7.57525388,-0.024515891,-0.03304316,-0.0031977252,-1.6621745,5.6018333,7.465121,0.0042636334,0.008527267,0.022384075,-1.4053963,5.719149,7.7805567,0.00227505841788,0.00129911040768,0.00249473482986,0.0513389118894,0.0130745187273,0.0564962583016,-0.741046230611,-0.956020293723,0.745192192866,11.232834804,159.34538982,286.584643069,-0.0122579465,-0.00799431265,0.00479658775,-1.4987702,5.6625862,7.57076455
-0.01406999169,-0.00447681511,0.00991294801,-1.49697454,5.62918702,7.58004229,-0.081009045,-0.03304316,-0.0031977252,-1.6621745,5.582081,7.465121,0.036240883,0.026647711,0.023449985,-1.4000094,5.6934114,7.7805567,0.0283359943163,0.00228664348649,0.000894549655888,0.024785578169,0.00536547065282,0.024797000766,-0.369528021026,-0.231900056432,-0.602278250553,11.231593027,157.548692206,288.079313335,-0.0133238545,-0.00692840465,0.00906022165,-1.4990695,5.62038835,7.55161085
-0.01545567263,-0.00575590506,0.01108544746,-1.53115178,5.62900739,7.62816567,-0.081009045,-0.021318167,-0.0021318167,-1.6286557,5.582081,7.513005,0.036240883,0.026647711,0.023449985,-1.4000094,5.692813,7.7224975,0.0264550892843,0.0069466284348,0.00133036287583,0.00716205119204,0.0139266338825,0.0209795602464,-0.939168138569,-0.704172421985,0.782190311255,12.2514663199,159.322019138,293.869555547,-0.017587488,-0.009593176,0.0111920385,-1.53917235,5.62637385,7.62493335
-0.01236453736,-0.00948658435,0.00799431313,-1.55994206,5.63834473,7.65276606,-0.028779527,-0.024515891,-0.0063954503,-1.6286557,5.559336,7.56448,0.008527267,0.008527267,0.021318167,-1.4891934,5.6826377,7.7195044,0.00336596234358,0.00344922294806,0.00318863334473,0.0107571047064,0.0155744709537,0.000875821642988,-0.713025356031,-0.365467571107,0.108736850085,12.1002277033,158.599555032,291.807723822,-0.0149227175,-0.0079943132,0.005329542,-1.5514426,5.6425347,7.65905085
-0.01289749134,-0.00650204097,0.00500976942,-1.56191726,5.64277398,7.67233874,-0.036240883,-0.024515891,-0.014922718,-1.7034744,5.555146,7.5584946,0.0010659083,0.008527267,0.021318167,-1.4185644,5.712565,7.878719,0.00325702937738,0.00305761052219,0.000109859585212,0.0480898397379,0.0095212597199,0.0535228395165,-0.94929421014,-0.907020797265,0.791364103847,12.347082865,159.834835799,296.935452169,-0.009593176,-0.0069284042,0.002664771,-1.56431145,5.65091435,7.6802995
-0.01502930821,-0.00724817701,0.00511636044,-1.54725276,5.63241908,7.65994885,-0.036240883,-0.018120442,-0.014922718,-1.7034744,5.5347958,7.528567,0.0010659083,0.008527267,0.017054534,-1.4101847,5.712565,7.878719,0.000673401364762,0.00164412197674,0.00182909908311,0.0285349891758,0.00490473720856,0.0441638996589,-0.708224549727,-0.197311222169,0.617190226163,11.6599035339,157.438019573,289.924599416,-0.015455672,-0.0101261295,0.0063954505,-1.5664064,5.64492885,7.655759
-0.0142831726,-0.00554272356,0.00522295135,-1.53079264,5.60835737,7.63355272,-0.030911343,-0.018120442,-0.008527267,-1.6059108,5.5347958,7.528567,0.005329542,0.008527267,0.015988627,-1.4101847,5.6796446,7.7937245,0.00157390222423,0.00525445542853,0.00152503856103,0.0136572850969,0.0245490769375,0.0167847151558,-0.667486495149,-0.992636072502,0.631976010825,11.7996470297,157.112175254,292.846230919,-0.017587489,-0.0074613587,0.00692840465,-1.53677815,5.60722015,7.60578
-0.0098063575,-0.00575590537,0.00628885955,-1.52857802,5.5930344,7.64294986,-0.031977255,-0.03304316,-0.013856809,-1.6262615,5.499481,7.5315595,0.018120442,0.012790901,0.034109067,-1.4395137,5.6413374,7.7937245,0.00655852619247,0.0114988427588,0.0100413785124,0.0240783088118,0.029114771845,0.00464985654922,-0.898328628695,-0.944337387785,0.877408664318,11.6010526073,155.726096669,291.378329402,-0.012257947,-0.0042636334,0.00479658775,-1.51163905,5.5976433,7.6114662
-0.0095931756,-0.01044590244,0.00543613284,-1.53204961,5.58573211,7.64193241,-0.031977255,-0.03304316,-0.013856809,-1.6262615,5.499481,7.5315595,0.018120442,0.012790901,0.034109067,-1.4395137,5.6413374,7.789535,0.00704854929554,0.00350267508923,0.00820327191183,0.0293379896143,0.0193926207165,0.0489058266034,-0.855199611067,-0.58421610108,0.638570633998,11.9039593931,156.297497527,292.658811541,-0.011192038,-0.0074613587,0.0031977252,-1.5161282,5.5991395,7.63032055
-0.0109788561,-0.01023272053,0.00650204132,-1.54455931,5.59219654,7.64678066,-0.042636335,-0.0383727,-0.012790901,-1.6531962,5.534197,7.5076175,0.010659084,0.01918635,0.026647711,-1.4520832,5.6586957,7.7422495,0.00730925759312,0.0071894295584,0.00340891005044,0.0305136713133,0.0115904598384,0.0386043822104,-0.860490356626,-0.384622317643,0.603332652124,11.9859400908,156.44354503,292.108016184,-0.0101261295,-0.00586249615,0.0079943131,-1.5280992,5.588665,7.65575885
-0.0149227172,-0.00181204421,0.00522295125,-1.55916391,5.60297044,7.66018808,-0.042636335,-0.0383727,-0.012790901,-1.6531962,5.534197,7.5076175,0.010659084,0.01918635,0.026647711,-1.4520832,5.6586957,7.764994,0.0127115728996,0.0116555715258,0.00865130894071,0.0443394115979,0.0243116973835,0.0137904867428,-0.483975009784,0.199841487494,-0.599948003855,12.3542071175,157.501025401,294.727814184,-0.014922717,0.00213181685,0.0063954505,-1.54635495,5.5967455,7.6467805
-0.01502930813,-0.0003197725,0.00095931761,-1.55766755,5.59848123,7.64588278,-0.024515891,-0.014922718,-0.018120442,-1.6035166,5.542577,7.5477204,0.0021318167,0.014922718,0.013856809,-1.4885949,5.638943,7.764994,0.00496591839991,0.0029464477367,0.00685173445197,0.020907979644,0.0167566881449,0.0152115570435,-0.755127463181,-0.619272171745,0.763157823826,11.9222755138,155.937941652,289.903696114,-0.0159886255,-0.0021318165,0.00319772515,-1.5505448,5.6021322,7.6291235
-0.0110854471,-0.00543613262,0.00351749756,-1.55760772,5.59806229,7.64151338,-0.024515891,-0.021318167,-0.018120442,-1.6226702,5.542577,7.5477204,0.0063954503,0.014922718,0.024515891,-1.4885949,5.660491,7.7637973,0.000922924574854,0.00144921619559,0.000767651269086,0.00174544895004,0.00444717719186,0.0194390179036,-0.924321766392,-0.870613970841,0.964334781445,12.3595126981,157.461305975,294.060640718,-0.0117249925,-0.00532954165,0.00159886255,-1.5556325,5.5997382,7.6255322
-0.0115118104,-0.0059690871,0.00522295104,-1.55485437,5.59764337,7.65180847,-0.021318167,-0.021318167,-0.005329542,-1.6502035,5.548562,7.532757,0.0063954503,0.018120442,0.024515891,-1.4562731,5.660491,7.76679,0.00156266213047,0.00268755524514,0.00410538023445,0.0214453374491,0.000313418634012,0.0215290827277,-0.862088187671,-0.825554221822,0.960844176534,11.8514915976,155.893445936,291.50821225,-0.012790901,-0.00639545065,0.0,-1.5433622,5.5820812,7.6192472
-0.01087226564,-0.00543613293,0.005436133,-1.54294321,5.58214084,7.62577154,-0.021318167,-0.013856809,-0.005329542,-1.6502035,5.548562,7.529764,0.0031977252,0.018120442,0.014922718,-1.4562731,5.643133,7.76679,0.000369680541637,0.00515317161286,0.000295625247506,0.0274193842737,0.0196437747256,0.0264879612582,0.125766843291,-0.165518210992,-0.492477698255,11.9850703977,155.719269833,290.076942958,-0.012790901,-0.009593176,0.0053295421,-1.51971945,5.5698109,7.62224
-0.01087226534,-0.00778113113,0.00170545356,-1.57634233,5.60608279,7.65174856,-0.036240883,-0.01918635,-0.037306793,-1.7884686,5.4976854,7.529764,0.012790901,0.005329542,0.014922718,-1.4472948,5.774814,7.876923,0.00719104358035,0.000634092248759,0.0095024636509,0.0623354296668,0.0579469433424,0.0344712893522,-0.989244379664,-0.877992807912,0.821733836677,12.9413624487,158.610192373,295.498258184,-0.0122579465,-0.0090602215,0.007994313,-1.57089555,5.61290645,7.6324155
-0.0081009035,-0.00874044872,0.00277136193,-1.57143423,5.60069593,7.63546796,-0.036240883,-0.021318167,-0.037306793,-1.7884686,5.4659624,7.4357915,0.012790901,0.013856809,0.017054534,-1.4472948,5.774814,7.876923,0.00746306065839,0.00462370043946,0.00800875659878,0.0325697898829,0.0169685846822,0.0123960016492,-0.936527562165,-0.752682315839,0.479737936113,11.8535805768,155.140431824,287.654829861,-0.0090602212,-0.010659084,0.01012613,-1.55802675,5.60781875,7.586327
-0.01375021953,-0.00223840782,0.00042636383,-1.59346089,5.60470624,7.65013251,-0.052229516,-0.021318167,-0.024515891,-1.9267337,5.4659624,7.4357915,0.005329542,0.01918635,0.017054534,-1.4526818,5.820304,8.1402855,0.010165687431,0.00241730522567,0.00461295001545,0.0560292247224,0.020646663258,0.0759201137296,-0.97819815447,-0.943060010538,0.957043975973,13.6960004256,159.066468431,297.934234932,-0.0181204442,-0.0005329545,0.00479658815,-1.555034,5.5844752,7.58991825
-0.01620180863,-0.00852726697,-0.00074613523,-1.66660376,5.60704059,7.68808062,-0.052229516,-0.026647711,-0.028779527,-1.9267337,5.530606,7.548918,0.01918635,0.01918635,0.026647711,-1.5245079,5.820304,8.1402855,0.00318898836277,0.00484944239824,0.00329151088091,0.0550209854341,0.0443897589515,0.083267322807,-0.882037871788,-0.918315192886,0.873458756324,14.2114288288,155.384662298,293.42902172,-0.0234499865,-0.007461358,0.00479658815,-1.64751,5.5784897,7.60697695
-0.01055249293,-0.01449635385,0.00586249624,-1.69401737,5.58244018,7.66695176,-0.027713617,-0.026647711,-0.028779527,-1.7830817,5.4976854,7.5279684,0.01918635,0.0031977252,0.026647711,-1.5670049,5.6521115,7.805097,0.00525514907981,0.00167172626744,0.00639259817055,0.00844559129177,0.0152550831469,0.00773220655712,-0.990786453636,-0.93126358775,0.886609945928,14.5483337383,156.275969377,294.523193952,-0.0143897635,-0.018120442,0.0079943132,-1.7172411,5.584176,7.6593502
0.01375021794,-0.00149227192,0.00330431595,-1.67228998,5.57501809,7.68071845,-0.028779527,-0.030911343,-0.030911343,-1.7830817,5.4976854,7.5082164,0.18440215,0.07248177,0.023449985,-1.5574281,5.6521115,7.9631147,0.0517374237104,0.0226819695448,0.00581234553045,0.0110447691193,0.0196609542995,0.0369611186077,-0.193124595459,0.0713813665428,0.751488903249,13.486601997,154.556307543,295.619507634,-0.002664771,-0.0079943132,0.0037306793,-1.6825252,5.5910592,7.6802995
0.03251020544,-0.01033931211,-0.00724817682,-1.64978446,5.709692,7.53886204,-0.041570432,-0.10445903,-0.074613586,-1.7800889,5.5120506,6.7899556,0.18440215,0.07248177,0.023449985,-1.437718,5.98311,8.324639,0.027007456375,0.0036771105939,0.011566484735,0.0483659804338,0.0424350924125,0.310702096718,-0.751255510451,0.655392679338,-0.58219128659,13.8423170266,171.716823787,274.643336293,0.0218511235,-0.0042636334,0.00053295425,-1.67294835,5.70358655,7.525275
-0.00362408836,-0.01513589974,0.0027713625,-1.63811273,5.85903035,7.42615497,-0.05969087,-0.10445903,-0.074613586,-1.7800889,5.7394996,6.7899556,0.0767454,0.011724993,0.0628886,-1.437718,5.98311,8.324639,0.00386703932588,0.023529285917,0.00557372577532,0.06573378149,0.00919869212908,0.29838545038,-0.627094729881,0.0143477862734,-0.743137598659,13.093359818,171.630325823,278.572050171,-0.0074613565,-0.0069284042,0.01172499215,-1.66217445,5.86250185,7.4061635
-0.0192929417,-0.00607567782,0.0123645376,-1.60190045,5.82311728,7.44572754,-0.05969087,-0.021318167,-0.015988627,-1.6897078,5.7394996,7.239467,0.037306793,0.011724993,0.0628886,-1.5508441,5.9274445,7.7877393,0.0184264978098,0.000830608071291,0.00720844085955,0.0152275020191,0.0357835299142,0.0461887058022,-0.39570990323,-0.740990724908,0.621945930515,12.5854891475,167.50103231,276.058823301,-0.02931248,-0.010659084,0.0154556715,-1.58855275,5.83556725,7.41274735
-0.0069284047,-0.00778113132,0.008420676,-1.60896334,5.79923511,7.44650563,-0.03943861,-0.021318167,-0.015988627,-1.6777368,5.755062,7.239467,0.022384075,0.0063954503,0.027713617,-1.5526397,5.852626,7.6141596,0.00906058647559,0.000136014042981,0.000513453916358,0.0129658089973,0.00417129234363,0.0634663185851,-0.810515672431,-0.675564535095,0.431406288783,13.3215163318,168.821742103,278.533001013,-0.012257947,-0.0085272675,0.0154556715,-1.61249475,5.789778,7.44656535
-0.00628885937,-0.0070349956,0.0115118107,-1.62129347,5.81234336,7.46649726,-0.03943861,-0.020252261,-0.009593175,-1.681328,5.755062,7.3220673,0.022384075,0.012790901,0.027713617,-1.5310919,5.852626,7.587225,0.00965592755171,0.00109646803537,0.00936710691486,0.00571167267966,1.1242210795e-05,0.0373162144229,-0.933871542247,-0.965496690373,0.828266916324,12.9892622673,169.023518514,279.002200281,-0.0079943135,-0.007994313,0.019186351,-1.63134915,5.81731125,7.45704
-0.01055249307,-0.004796588,0.0061822688,-1.62177232,5.81491718,7.45219197,-0.024515891,-0.020252261,-0.0042636334,-1.6944962,5.767033,7.3220673,0.010659084,0.012790901,0.014922718,-1.5310919,5.8502316,7.587225,0.00621497674092,0.00579263967337,0.000239127219934,0.00179891583947,0.00850339368498,0.0328074304964,-0.879102859128,-0.16646399396,-0.309096595406,13.3394978425,169.117851201,276.404312984,-0.009060221,-0.00639545035,0.00586249635,-1.62446585,5.8176107,7.4465655
-0.0133238563,-0.015775441,0.0056493153,-1.52079686,5.78894013,7.37988697,-0.1257772,-0.3581452,-0.12897491,-1.7184381,5.2798133,6.470928,0.12471128,0.21318169,0.17374307,-0.6733692,5.954978,7.613561,0.0597347484345,0.142823839879,0.0723317552825,0.27763067923,0.176668408753,0.30237058699,-0.842375036046,-0.877529050899,0.995192586415,10.7308252072,166.315890847,269.192490564,-0.0159886255,-0.0042636335,-0.00053295415,-1.6478093,5.8421512,7.488464
-0.0488186067,-0.00479658513,0.0596908718,-1.58687681,5.83012043,7.43022509,-0.37093613,-0.3581452,-0.12897491,-2.7563245,5.2798133,6.470928,0.12471128,0.21318169,0.39864975,-0.6733692,6.457162,8.031948,0.0583692953169,0.0927239213686,0.0466394531834,0.196260802712,0.103591667476,0.00857120148191,-0.997047600421,-0.596726707287,0.632438252569,17.6805935734,174.654041854,284.810014397,-0.023982938,0.01492271635,0.043702245,-1.72053315,5.89183075,7.5644798
